/*INSERT INTO auto_model_entity (id, name, auto_mark_id)
VALUES (1, '5-Series', 18);

INSERT INTO generation_entity (id, generation_number, auto_model_id)
VALUES (1, 8, 1),
       (2, 7, 1),
       (3, 6, 1),
       (4, 5, 1),
       (5, 4, 1),
       (6, 3, 1),
       (7, 2, 1),
       (8, 1, 1);

INSERT INTO generation_item_entity (id, restyling, year_start, year_end, generation_id)
VALUES (1, 0, 2023, NULL, 1);

INSERT INTO generation_item_entity_frames (generation_item_entity_id, frames)
VALUES (1, 'G60');

INSERT INTO generation_item_entity (id, restyling, year_start, year_end, generation_id)
VALUES (2, 1, 2020, NULL, 2);
INSERT INTO generation_item_entity_frames (generation_item_entity_id, frames)
VALUES (2, 'G30');
INSERT INTO generation_item_entity_frames (generation_item_entity_id, frames)
VALUES (2, 'G31');

INSERT INTO generation_item_entity (id, restyling, year_start, year_end, generation_id)
VALUES (3, 0, 2016, 2020, 2);
INSERT INTO generation_item_entity_frames (generation_item_entity_id, frames)
VALUES (3, 'G30');
INSERT INTO generation_item_entity_frames (generation_item_entity_id, frames)
VALUES (3, 'G31');

INSERT INTO generation_item_entity (id, restyling, year_start, year_end, generation_id)
VALUES (4, 1, 2013, 2017, 3);
INSERT INTO generation_item_entity_frames (generation_item_entity_id, frames)
VALUES (4, 'F10');
INSERT INTO generation_item_entity_frames (generation_item_entity_id, frames)
VALUES (4, 'F11');

INSERT INTO generation_item_entity (id, restyling, year_start, year_end, generation_id)
VALUES (5, 0, 2009, 2013, 3);
INSERT INTO generation_item_entity_frames (generation_item_entity_id, frames)
VALUES (5, 'F10');
INSERT INTO generation_item_entity_frames (generation_item_entity_id, frames)
VALUES (5, 'F11');

INSERT INTO generation_item_entity (id, restyling, year_start, year_end, generation_id)
VALUES (6, 1, 2007, 2010, 4);
INSERT INTO generation_item_entity_frames (generation_item_entity_id, frames)
VALUES (6, 'E60');
INSERT INTO generation_item_entity_frames (generation_item_entity_id, frames)
VALUES (6, 'E61');

INSERT INTO generation_item_entity (id, restyling, year_start, year_end, generation_id)
VALUES (7, 0, 2003, 2007, 4);
INSERT INTO generation_item_entity_frames (generation_item_entity_id, frames)
VALUES (7, 'E60');
INSERT INTO generation_item_entity_frames (generation_item_entity_id, frames)
VALUES (7, 'E61');

INSERT INTO generation_item_entity (id, restyling, year_start, year_end, generation_id)
VALUES (8, 1, 2000, 2004, 5);
INSERT INTO generation_item_entity_frames (generation_item_entity_id, frames)
VALUES (8, 'E39');

INSERT INTO generation_item_entity (id, restyling, year_start, year_end, generation_id)
VALUES (9, 0, 1995, 2000, 5);
INSERT INTO generation_item_entity_frames (generation_item_entity_id, frames)
VALUES (9, 'E39');

INSERT INTO generation_item_entity (id, restyling, year_start, year_end, generation_id)
VALUES (10, 1, 1994, 1996, 6);
INSERT INTO generation_item_entity_frames (generation_item_entity_id, frames)
VALUES (10, 'E34');

INSERT INTO generation_item_entity (id, restyling, year_start, year_end, generation_id)
VALUES (11, 0, 1987, 1997, 6);
INSERT INTO generation_item_entity_frames (generation_item_entity_id, frames)
VALUES (11, 'E34');

INSERT INTO generation_item_entity (id, restyling, year_start, year_end, generation_id)
VALUES (12, 0, 1981, 1987, 7);
INSERT INTO generation_item_entity_frames (generation_item_entity_id, frames)
VALUES (12, 'E28');

INSERT INTO generation_item_entity (id, restyling, year_start, year_end, generation_id)
VALUES (13, 1, 1976, 1981, 8);
INSERT INTO generation_item_entity_frames (generation_item_entity_id, frames)
VALUES (13, 'E12');

INSERT INTO generation_item_entity (id, restyling, year_start, year_end, generation_id)
VALUES (14, 0, 1972, 1976, 8);
INSERT INTO generation_item_entity_frames (generation_item_entity_id, frames)
VALUES (14, 'E12');
*/